{
  "death":0.81769,
  "blood":0.60973,
  "sex":0.89555,
  "murder":0.75945,
  "flesh":0.5217,
  "smoke":0.66607,
  "fool":0.9518,
  "ass":0.98815,
  "breast":0.6803,
  "bomb":0.60629,
  "suicide":0.82461,
  "fat":0.8202,
  "bastard":0.98924,
  "killing":0.86352,
  "slave":0.61823,
  "bull":0.91862,
  "strip":0.66297,
  "pig":0.87116,
  "toilet":0.56928,
  "misery":0.73832,
  "scream":0.66675,
  "junk":0.59294,
  "sack":0.66632,
  "murderer":0.77117,
  "rat":0.82538,
  "pork":0.68013,
  "thief":0.67007,
  "thigh":0.68761,
  "black":0.68538,
  "butt":0.91229,
  "idiot":0.98498,
  "ghetto":0.58699,
  "goat":0.50207,
  "crap":0.97934,
  "punch":0.76693,
  "torture":0.73835,
  "slaughter":0.78398,
  "beating":0.67831,
  "liar":0.81361,
  "urine":0.82392,
  "booze":0.63029,
  "asshole":0.99544,
  "loser":0.90223,
  "dump":0.80023,
  "bum":0.50891,
  "tyrant":0.52968,
  "screw":0.87766,
  "stench":0.52416,
  "stupidity":0.96771,
  "sausage":0.50578,
  "spit":0.76676,
  "burn":0.82427,
  "dictator":0.60789,
  "coward":0.9144,
  "traitor":0.74901,
  "freak":0.89819,
  "jerk":0.9654,
  "hypocrisy":0.6207,
  "slum":0.8915,
  "groin":0.87339,
  "worm":0.71937,
  "crotch":0.70965,
  "kill":0.87242,
  "donkey":0.88178,
  "weed":0.57215,
  "chick":0.51225,
  "stink":0.93424,
  "prostitute":0.94375,
  "prick":0.54838,
  "hippie":0.69575,
  "dummy":0.73505,
  "sewer":0.63889,
  "cavity":0.53167,
  "stab":0.82396,
  "gangster":0.52042,
  "condominium":0.6882,
  "holocaust":0.76808,
  "erection":0.77838,
  "terrorist":0.52553,
  "sucker":0.97715,
  "maniac":0.59282,
  "homosexual":0.90198,
  "itch":0.62692,
  "hump":0.62717,
  "beggar":0.75457,
  "mania":0.60249,
  "orgasm":0.74986,
  "shutdown":0.9174,
  "die":0.87414,
  "scum":0.92639,
  "ugliness":0.8071,
  "nipple":0.89975,
  "lunatic":0.90293,
  "prostate":0.65938,
  "bully":0.71499,
  "fad":0.50811,
  "smock":0.58193,
  "brothel":0.78184,
  "duct":0.55828,
  "fart":0.6708,
  "backside":0.73086,
  "vomit":0.85823,
  "cleavage":0.63698,
  "thong":0.51813,
  "thatch":0.80406,
  "racist":0.6082,
  "stag":0.57518,
  "excrement":0.94112,
  "crock":0.65909,
  "frock":0.58555,
  "slaying":0.6806,
  "perversion":0.86932,
  "sinner":0.67989,
  "mutton":0.57534,
  "hooker":0.94193,
  "lick":0.94732,
  "retardation":0.90619,
  "deathbed":0.58199,
  "thug":0.58755,
  "whorehouse":0.92824,
  "hypocrite":0.89596,
  "rapist":0.86612,
  "slander":0.80195,
  "upstart":0.78081,
  "travesty":0.59118,
  "joker":0.60723,
  "bugger":0.67054,
  "slob":0.69753,
  "troll":0.51242,
  "morn":0.51069,
  "blind":0.58197,
  "psychosis":0.50203,
  "idiocy":0.89312,
  "bulldozer":0.66836,
  "mastectomy":0.68587,
  "diaper":0.78648,
  "moron":0.9259,
  "damnation":0.86707,
  "arse":0.88282,
  "shutout":0.91078,
  "wretch":0.59087,
  "goatee":0.55176,
  "smuggler":0.55398,
  "manger":0.51158,
  "rectum":0.79079,
  "choke":0.50355,
  "bullhorn":0.70921,
  "jerkin":0.85719,
  "slag":0.71604,
  "pee":0.7451,
  "slop":0.59711,
  "custard":0.68496,
  "lesbian":0.75364,
  "condom":0.86265,
  "jackass":0.94204,
  "stripper":0.58174,
  "fetish":0.77668,
  "redneck":0.75508,
  "booby":0.64401,
  "cockroach":0.90017,
  "faggot":0.96706,
  "scat":0.63712,
  "urinal":0.60288,
  "nutshell":0.55955,
  "nugget":0.78885,
  "excretion":0.75043,
  "pervert":0.93533,
  "jogger":0.7748,
  "pecking":0.50342,
  "slugger":0.78084,
  "psychopath":0.89974,
  "harbinger":0.52384,
  "urchin":0.84596,
  "mugger":0.82494,
  "stabbing":0.58529,
  "blower":0.79331,
  "smut":0.8009,
  "negro":0.89099,
  "ejaculation":0.95543,
  "pussycat":0.93759,
  "jackpot":0.53196,
  "lynching":0.72634,
  "leotard":0.79766,
  "layup":0.60521,
  "imbecile":0.65861,
  "drunk":0.6045,
  "buffoon":0.86201,
  "puke":0.97449,
  "suckling":0.99544,
  "bloodletting":0.53018,
  "testicle":0.82309,
  "slat":0.78738,
  "laggard":0.61223,
  "damn":0.96128,
  "transvestite":0.63764,
  "dumbbell":0.81301,
  "blowup":0.85458,
  "fanny":0.50097,
  "schmuck":0.81876,
  "douche":0.52469,
  "blowout":0.90053,
  "mugging":0.63908,
  "glutton":0.55437,
  "womanizer":0.92599,
  "whipping":0.66119,
  "pug":0.75724,
  "cummerbund":0.60033,
  "bicep":0.52537,
  "hellhole":0.77989,
  "humpback":0.5536,
  "nude":0.52033,
  "fatty":0.85139,
  "toboggan":0.7142,
  "sumbitch":0.83414,
  "abscess":0.60078,
  "incubus":0.61506,
  "bullfrog":0.89657,
  "bootlegger":0.68053,
  "hermaphrodite":0.67868,
  "spanking":0.53107,
  "nerd":0.54111,
  "maggot":0.75393,
  "vibrator":0.61284,
  "blowpipe":0.58102,
  "extrovert":0.69492,
  "mohole":0.563,
  "blow-up":0.76146,
  "sheepherder":0.51464,
  "stinker":0.87097,
  "murderess":0.68427,
  "sicken":0.67812,
  "blowgun":0.74245,
  "blowtorch":0.96586,
  "licking":0.82035,
  "nigguh":0.52739,
  "megalomaniac":0.81316,
  "nuke":0.72461,
  "pedant":0.51474,
  "retardant":0.94161,
  "roughneck":0.68903
}