{
  "black":0.68538,
  "poor":0.66467,
  "crazy":0.57778,
  "sexual":0.81065,
  "mad":0.58649,
  "stupid":0.99022,
  "fat":0.8202,
  "mental":0.64327,
  "naked":0.53134,
  "drunk":0.6045,
  "dirty":0.84178,
  "damn":0.96128,
  "blind":0.58197,
  "ugly":0.81327,
  "racial":0.546,
  "silly":0.75774,
  "bloody":0.5635,
  "dull":0.57024,
  "foolish":0.90559,
  "dumb":0.9628,
  "dying":0.73037,
  "ridiculous":0.81089,
  "goddamn":0.98145,
  "miserable":0.51203,
  "useless":0.67494,
  "damned":0.88522,
  "insane":0.81053,
  "gay":0.88592,
  "filthy":0.90537,
  "ignorant":0.86028,
  "corrupt":0.6056,
  "terrorist":0.52553,
  "drunken":0.6031,
  "lazy":0.61033,
  "wicked":0.60427,
  "pathetic":0.94819,
  "arrogant":0.82254,
  "vulgar":0.72088,
  "deaf":0.72271,
  "goddamned":0.97275,
  "shut":0.95766,
  "obscene":0.70113,
  "hideous":0.57508,
  "goddam":0.92217,
  "hairy":0.79914,
  "feeble":0.52111,
  "queer":0.64375,
  "homosexual":0.90198,
  "greasy":0.58743,
  "nude":0.52033,
  "retarded":0.95617,
  "worthless":0.61866,
  "disgusting":0.87527,
  "murderous":0.83016,
  "racist":0.6082,
  "defective":0.63048,
  "frustrated":0.52139,
  "sickly":0.57281,
  "humiliating":0.55766,
  "flaming":0.56169,
  "morbid":0.54621,
  "illiterate":0.61484,
  "neurotic":0.57581,
  "sickening":0.61907,
  "vile":0.83005,
  "rotting":0.7104,
  "sarcastic":0.60625,
  "piercing":0.57489,
  "fatty":0.85139,
  "cowardly":0.68734,
  "fascist":0.76482,
  "soggy":0.60862,
  "idiotic":0.97949,
  "puzzling":0.60668,
  "pornographic":0.64632,
  "psychotic":0.86556,
  "stinking":0.97918,
  "horny":0.80422,
  "pudgy":0.59252,
  "smelly":0.79208,
  "demonic":0.76542,
  "facile":0.64716,
  "pissed":0.82306,
  "anal":0.87494,
  "freak":0.89819,
  "jerky":0.80229,
  "dummy":0.73505,
  "lunatic":0.90293,
  "bullish":0.68892,
  "crass":0.73589,
  "genital":0.63984,
  "deathly":0.75886,
  "sexist":0.88174,
  "foolhardy":0.6697,
  "deviant":0.78082,
  "nuts":0.66646,
  "black-haired":0.53489
}